n,quick,thresholds_t5,thresholds_t10,thresholds_t20,thresholds_t30,thresholds_t50
500,0,0,0,0,0,0
600,0,0,0,0,0,0
700,0,0,0,0,0,0
800,0,0,0,0,0,0
900,0,0,0,0,0,0
1000,0,0,0,0,0,0
1100,0,0,0,0,0,0
1200,0,0,0,0,0,0
1300,0,0,0,0,0,0
1400,0,0,0,0,0,0
1500,0,0,0,0,0,0
1600,0,0,0,0,0,0
1700,0,0,0,0,0,0
1800,0,0,0,0,0,0
1900,0,0,0,0,0,0
2000,0,0,0,0,0,0
2100,0,0,0,0,0,0
2200,0,0,0,0,0,0
2300,0,0,0,0,0,0
2400,0,0,0,0,0,0
2500,0,0,0,0,0,0
2600,0,0,0,0,0,0
2700,0,0,0,0,0,0
2800,0,0,0,0,0,0
2900,0,0,0,0,0,0
3000,0,0,0,0,0,0
3100,0,0,0,0,0,0
3200,0,0,0,0,0,0
3300,0,0,0,0,0,0
3400,0,0,0,0,0,0
3500,0,0,0,0,0,0
3600,0,0,0,0,0,0
3700,0,0,0,0,0,0
3800,0,0,0,0,0,0
3900,0,0,0,0,0,0
4000,0,0,0,0,0,0
4100,0,0,0,0,0,0
4200,0,0,0,0,0,0
4300,0,0,0,0,0,0
4400,0,0,0,0,0,0
4500,0,0,0,0,0,0
4600,0,0,0,0,0,0
4700,0,0,0,0,0,0
4800,0,0,0,0,0,0
4900,0,0,0,0,0,0
5000,0,0,0,0,0,0
5100,0,0,0,0,0,0
5200,0,0,0,0,0,0
5300,0,0,0,0,0,0
5400,0,0,0,0,0,0
5500,0,0,0,0,0,0
5600,0,0,0,0,0,0
5700,0,0,0,0,0,0
5800,0,0,0,0,0,0
5900,0,0,0,0,0,0
6000,0,0,0,0,0,0
6100,0,0,0,0,0,0
6200,0,0,0,0,0,0
6300,0,0,0,0,0,0
6400,0,0,0,0,0,0
6500,0,0,0,0,0,0
6600,0,0,0,0,0,0
6700,0,0,0,0,0,0
6800,0,0,0,0,0,0
6900,0,0,0,0,0,0
7000,0,0,0,0,0,0
7100,0,0,0,0,0,0
7200,0,0,0,0,0,0
7300,0,0,0,0,0,0
7400,0,0,0,0,0,0
7500,0,0,0,0,0,0
7600,0,0,0,0,0,0
7700,0,0,0,0,0,0
7800,0,0,0,0,0,0
7900,0,0,0,0,0,0
8000,0,0,0,0,0,0
8100,0,0,0,0,0,0
8200,0,0,0,1,1,1
8300,0,0,0,0,0,0
8400,0,0,0,1,1,1
8500,0,0,0,1,1,1
8600,0,0,0,1,1,1
8700,0,0,0,1,1,1
8800,0,0,0,1,1,1
8900,0,0,0,1,1,1
9000,0,0,0,1,1,1
9100,0,0,0,1,1,1
9200,0,0,0,1,1,1
9300,0,0,0,1,1,1
9400,0,0,0,1,1,1
9500,0,0,0,1,1,1
9600,0,0,0,1,1,1
9700,0,0,0,1,1,1
9800,0,0,0,1,1,1
9900,0,0,0,1,1,1
10000,0,0,0,1,1,1
10100,0,0,0,1,1,1
10200,0,0,0,1,1,1
10300,0,0,0,1,1,1
10400,0,0,0,1,1,1
10500,0,0,0,1,1,1
10600,0,0,0,1,1,1
10700,0,0,0,1,1,1
10800,0,0,0,1,1,1
10900,0,0,0,1,1,1
11000,0,0,0,1,1,1
11100,0,0,0,1,1,1
11200,0,0,0,1,1,1
11300,0,0,0,1,1,1
11400,0,0,0,1,1,1
11500,0,0,0,1,1,1
11600,0,0,0,1,1,1
11700,0,0,0,1,1,1
11800,0,0,0,1,1,1
11900,0,0,0,1,1,1
12000,0,0,0,1,1,1
12100,0,0,0,1,1,1
12200,0,0,0,1,1,1
12300,0,0,0,1,1,1
12400,0,0,0,1,1,1
12500,0,0,0,1,1,1
12600,0,0,0,1,1,1
12700,0,0,0,1,1,1
12800,0,0,0,1,1,1
12900,0,0,0,1,1,1
13000,0,0,0,1,1,1
13100,0,0,0,1,1,1
13200,0,0,0,1,1,1
13300,0,0,0,1,1,1
13400,0,0,0,1,1,1
13500,0,0,0,1,1,1
13600,0,0,0,1,1,1
13700,0,0,0,1,1,1
13800,0,0,0,1,1,1
13900,0,0,0,1,1,1
14000,0,0,0,1,1,1
14100,0,0,0,1,1,1
14200,0,0,0,1,1,1
14300,0,0,1,1,1,1
14400,0,0,1,1,1,1
14500,0,0,0,1,1,1
14600,0,0,1,1,1,1
14700,0,0,1,1,1,1
14800,0,0,1,1,1,1
14900,0,0,1,1,1,1
15000,0,0,1,1,1,1
15100,0,0,1,1,1,1
15200,0,0,0,1,1,1
15300,0,0,1,1,1,1
15400,0,0,1,1,1,1
15500,0,0,1,1,1,1
15600,0,0,1,1,1,1
15700,0,0,1,1,1,1
15800,0,0,1,3,2,1
15900,0,0,1,1,1,1
16000,0,0,1,1,1,1
16100,0,0,1,1,1,1
16200,0,0,1,2,2,1
16300,0,0,1,2,2,2
16400,0,0,1,2,2,2
16500,0,0,1,2,2,2
16600,0,0,1,2,2,2
16700,0,0,1,2,2,2
16800,0,0,1,2,2,2
16900,0,0,1,2,2,2
17000,0,0,1,2,2,2
17100,0,0,1,2,2,2
17200,0,0,1,2,2,2
17300,0,0,1,2,2,2
17400,0,0,1,2,2,2
17500,0,0,1,2,2,2
17600,0,0,1,2,2,2
17700,0,0,1,2,2,2
17800,0,0,1,2,2,2
17900,0,0,1,2,2,2
18000,0,0,1,2,2,2
18100,0,0,1,2,2,2
18200,0,0,1,2,2,2
18300,0,0,1,2,2,2
18400,0,0,1,2,2,2
18500,0,0,1,2,2,2
18600,0,0,1,2,2,2
18700,0,0,1,2,2,2
18800,0,0,1,2,2,2
18900,0,0,1,2,2,2
19000,0,0,1,2,2,2
19100,0,0,1,2,2,2
19200,0,0,1,2,2,2
19300,0,0,1,2,2,2
19400,0,0,1,2,2,2
19500,0,0,1,2,2,2
19600,0,0,1,2,2,2
19700,0,0,1,2,2,2
19800,0,0,1,2,2,2
19900,0,0,1,2,2,2
20000,0,0,1,2,2,2
20100,0,0,1,2,2,2
20200,0,0,1,2,2,2
20300,0,0,1,2,2,2
20400,0,0,1,2,2,2
20500,0,0,1,2,2,2
20600,0,0,1,2,2,2
20700,0,0,1,2,2,2
20800,0,0,1,2,2,2
20900,0,0,1,2,2,2
21000,0,0,1,2,2,2
21100,0,0,1,2,2,2
21200,0,0,1,2,2,2
21300,0,1,1,2,2,2
21400,0,0,1,2,2,2
21500,0,0,1,2,2,2
21600,0,0,1,2,2,2
21700,0,0,1,2,2,2
21800,0,1,1,2,2,2
21900,0,0,1,2,2,2
22000,0,0,1,2,2,2
22100,0,0,1,2,2,2
22200,0,0,1,2,2,2
22300,0,0,1,2,2,2
22400,0,0,1,2,2,2
22500,0,0,1,2,2,2
22600,0,0,1,2,2,2
22700,0,1,1,2,2,2
22800,0,0,1,2,2,2
22900,0,0,1,2,2,2
23000,0,0,1,2,2,2
23100,0,0,1,2,2,2
23200,0,1,1,2,2,2
23300,0,0,1,2,2,2
23400,0,1,1,2,2,2
23500,0,0,1,3,3,2
23600,0,1,1,3,3,3
23700,0,1,1,2,2,2
23800,0,0,1,3,3,3
23900,0,1,1,3,2,2
24000,0,1,1,3,2,3
24100,0,1,1,3,3,3
24200,0,1,1,3,3,3
24300,0,1,1,3,3,3
24400,0,1,1,3,3,3
24500,0,0,1,3,3,3
24600,0,1,1,3,3,3
24700,0,1,1,3,3,3
24800,0,0,1,3,3,3
24900,0,0,1,3,3,3
25000,0,1,1,3,3,3
25100,0,1,1,3,3,3
25200,0,1,1,3,3,3
25300,0,1,1,3,3,3
25400,0,1,1,3,3,3
25500,0,1,1,3,3,3
25600,0,1,1,3,3,3
25700,0,1,1,3,3,3
25800,0,1,1,3,3,3
25900,0,1,1,3,3,3
26000,0,1,1,3,3,3
26100,0,1,1,3,3,3
26200,0,1,1,3,3,3
26300,0,1,1,3,3,3
26400,0,1,1,3,3,3
26500,0,1,1,3,3,3
26600,0,1,1,3,3,3
26700,0,1,1,3,3,3
26800,0,1,1,3,3,3
26900,0,1,1,3,3,3
27000,0,1,2,3,3,3
27100,0,1,1,3,3,3
27200,0,1,1,3,3,3
27300,0,1,1,3,3,3
27400,0,1,1,3,3,3
27500,0,1,2,3,3,3
27600,0,1,1,3,3,3
27700,0,1,2,3,3,3
27800,0,1,2,3,3,3
27900,0,1,2,3,3,3
28000,0,1,2,3,3,3
28100,0,1,2,3,3,3
28200,0,1,1,3,3,3
28300,0,1,2,3,3,3
28400,0,1,2,3,3,3
28500,0,1,2,3,3,3
28600,0,1,2,3,3,3
28700,0,1,2,3,3,3
28800,0,1,2,3,3,3
28900,0,1,2,3,3,3
29000,0,1,2,3,3,3
29100,0,1,2,3,3,3
29200,0,1,2,3,3,3
29300,0,1,2,3,3,3
29400,0,1,2,3,3,3
29500,0,1,2,3,3,3
29600,0,1,2,3,3,3
29700,0,1,2,3,3,3
29800,0,1,1,3,3,3
29900,0,1,2,3,3,3
30000,1,1,2,3,3,3
30100,0,1,2,3,3,3
30200,0,1,2,3,3,3
30300,1,1,2,3,3,3
30400,0,1,2,3,3,3
30500,1,1,2,3,3,3
30600,1,1,2,3,3,3
30700,0,1,2,3,3,3
30800,1,1,2,3,3,3
30900,1,1,2,3,3,3
31000,0,1,2,3,3,3
31100,1,1,2,3,3,3
31200,1,1,2,4,3,3
31300,1,1,2,4,3,3
31400,1,1,2,4,3,3
31500,1,1,2,4,3,3
31600,1,1,2,4,3,3
31700,1,1,2,4,4,4
31800,1,1,2,4,4,4
31900,1,1,2,4,4,4
32000,1,1,2,4,4,4
32100,1,1,2,4,4,4
32200,1,1,2,4,4,4
32300,1,1,2,4,4,4
32400,1,1,2,4,4,4
32500,1,1,2,4,4,4
32600,1,1,2,4,4,4
32700,1,1,2,4,4,4
32800,1,1,2,4,4,4
32900,1,1,2,4,4,4
33000,1,1,2,4,4,4
33100,1,1,2,4,4,4
33200,1,1,2,4,4,4
33300,1,1,2,4,4,4
33400,1,1,2,4,4,4
33500,1,1,2,4,4,4
33600,1,1,2,4,4,4
33700,1,1,2,4,4,4
33800,1,1,2,4,4,4
33900,1,1,2,4,4,4
34000,1,1,2,4,4,4
34100,1,1,2,4,4,4
34200,1,1,2,4,4,4
34300,1,1,2,4,4,4
34400,1,1,2,4,4,4
34500,1,1,2,4,4,4
34600,1,1,2,4,4,4
34700,1,1,2,4,4,4
34800,1,1,2,4,4,4
34900,1,1,2,4,4,4
35000,1,1,2,4,4,4
35100,1,1,2,4,4,4
35200,1,1,2,4,4,4
35300,1,1,2,4,4,4
35400,1,1,2,4,4,4
35500,1,1,2,4,4,4
35600,1,1,2,4,4,4
35700,1,1,2,4,4,4
35800,1,1,2,4,4,4
35900,1,1,2,4,4,4
36000,1,1,2,4,4,4
36100,1,1,2,4,4,4
36200,1,1,2,4,4,4
36300,1,1,2,4,4,4
36400,1,1,2,4,4,4
36500,1,1,2,4,4,4
36600,1,1,2,4,4,4
36700,1,1,2,4,4,4
36800,1,1,2,4,4,4
36900,1,1,2,4,4,4
37000,1,1,2,4,4,4
37100,1,1,2,4,4,4
37200,1,1,2,4,4,4
37300,1,1,2,4,4,4
37400,1,1,2,4,4,4
37500,1,1,2,4,4,4
37600,1,1,2,4,4,4
37700,1,1,2,4,4,4
37800,1,1,2,4,4,4
37900,1,1,2,4,4,4
38000,1,1,2,4,4,4
38100,1,1,2,4,4,4
38200,1,1,2,4,4,4
38300,1,1,2,4,4,4
38400,1,1,2,4,4,4
38500,1,1,2,4,4,4
38600,1,1,2,4,4,4
38700,1,1,2,4,4,4
38800,1,1,2,4,4,4
38900,1,1,2,4,5,5
39000,1,1,2,4,5,5
39100,1,1,2,4,5,5
39200,1,1,2,4,5,5
39300,1,1,2,4,5,5
39400,1,1,2,4,5,5
39500,1,1,2,5,5,5
39600,1,1,2,4,5,5
39700,1,1,2,5,5,5
39800,1,1,2,4,5,5
39900,1,1,2,5,5,5
40000,1,1,2,5,5,5
40100,1,1,2,5,5,5
40200,1,1,2,5,5,5
40300,1,1,2,5,5,5
40400,1,1,2,5,5,5
40500,1,1,2,5,5,5
40600,1,1,2,5,5,5
40700,1,1,2,5,5,5
40800,1,1,2,5,5,5
40900,1,1,2,5,5,5
41000,1,1,2,5,5,5
41100,1,1,2,5,5,5
41200,1,1,3,5,5,5
41300,1,1,2,5,5,5
41400,1,1,3,5,5,5
41500,1,1,2,5,5,5
41600,1,1,3,5,5,5
41700,1,1,3,5,5,5
41800,1,1,3,5,5,5
41900,1,1,2,5,5,5
42000,1,1,3,5,5,5
42100,1,1,2,5,5,5
42200,1,1,3,5,5,5
42300,1,1,2,5,5,5
42400,1,1,3,5,5,5
42500,1,1,2,5,5,5
42600,1,1,3,5,5,5
42700,1,1,2,5,5,5
42800,1,2,3,5,5,5
42900,1,1,2,5,5,5
43000,1,1,3,5,5,5
43100,1,1,3,5,5,5
43200,1,1,3,5,5,5
43300,1,1,3,5,5,5
43400,1,2,3,5,5,5
43500,1,2,3,5,5,5
43600,1,1,3,5,5,5
43700,1,1,3,5,5,5
43800,1,1,3,5,5,5
43900,1,2,3,5,5,5
44000,1,1,3,5,5,5
44100,1,1,3,5,5,5
44200,1,1,3,5,5,5
44300,1,2,3,5,5,5
44400,1,1,3,5,5,5
44500,1,1,3,5,5,5
44600,1,2,3,5,5,5
44700,1,1,3,5,5,5
44800,1,2,3,5,5,5
44900,1,2,3,5,5,5
45000,1,1,3,5,5,5
45100,1,1,3,5,5,5
45200,1,2,3,5,5,5
45300,1,2,3,5,5,5
45400,1,2,3,5,5,5
45500,1,2,3,5,5,5
45600,1,2,3,5,5,5
45700,1,2,3,5,5,5
45800,1,2,3,5,5,5
45900,1,2,3,5,5,5
46000,1,2,3,5,5,5
46100,1,2,3,5,5,5
46200,1,2,3,5,5,5
46300,1,2,3,5,5,5
46400,1,2,3,5,6,6
46500,1,2,3,5,6,6
46600,1,2,3,6,6,6
46700,1,2,3,6,6,6
46800,1,2,3,6,6,6
46900,1,2,3,6,6,6
47000,1,2,3,6,6,6
47100,1,2,3,5,6,6
47200,1,2,3,5,6,6
47300,1,2,3,6,6,6
47400,1,2,3,5,6,6
47500,1,2,3,6,6,6
47600,1,2,3,6,6,6
47700,1,2,3,6,6,6
47800,1,2,3,6,6,6
47900,1,2,3,6,6,6
48000,1,2,3,6,6,6
48100,1,2,3,6,6,6
48200,1,2,3,6,6,6
48300,1,2,3,6,6,6
48400,1,2,3,6,6,6
48500,1,2,3,6,6,6
48600,1,2,3,6,6,6
48700,1,2,3,6,6,6
48800,1,2,3,6,6,6
48900,1,2,3,6,6,6
49000,1,2,3,6,6,6
49100,1,2,3,6,6,6
49200,1,2,3,6,6,6
49300,1,2,3,6,6,6
49400,1,2,3,6,6,6
49500,1,2,3,6,6,6
49600,1,2,3,6,6,6
49700,1,2,3,6,6,6
49800,1,2,3,6,6,6
49900,1,2,3,6,6,6
50000,1,2,3,6,6,6
50100,1,2,3,6,6,6
50200,1,2,3,6,6,6
50300,1,2,3,6,6,6
50400,1,2,3,6,6,6
50500,1,2,3,6,6,6
50600,1,2,3,6,6,6
50700,1,2,3,6,6,6
50800,1,2,3,6,6,6
50900,1,2,3,6,6,6
51000,1,2,3,6,6,6
51100,1,2,3,6,6,6
51200,1,2,3,6,6,6
51300,1,2,3,6,6,6
51400,1,2,3,6,6,6
51500,1,2,4,6,6,6
51600,1,2,3,6,6,6
51700,1,2,3,6,6,6
51800,1,2,3,6,6,6
51900,1,2,3,6,6,6
52000,1,2,3,6,6,6
52100,1,2,3,6,6,6
52200,1,2,3,6,6,6
52300,1,2,3,6,6,6
52400,1,2,3,6,6,6
52500,1,2,3,6,6,6
52600,1,2,4,6,6,6
52700,1,2,4,6,6,6
52800,1,2,3,6,6,6
52900,1,2,4,6,6,6
53000,1,2,4,6,6,6
53100,1,2,3,6,6,6
53200,1,2,4,6,6,6
53300,1,2,4,6,6,6
53400,1,2,4,6,6,6
53500,1,2,4,6,7,7
53600,1,2,4,6,6,6
53700,1,2,4,6,7,7
53800,1,2,4,6,6,7
53900,1,2,4,6,7,7
54000,1,2,4,6,7,7
54100,1,2,4,6,7,7
54200,2,2,4,6,7,7
54300,1,2,4,6,7,7
54400,1,2,4,6,7,7
54500,1,2,4,6,7,7
54600,1,2,4,7,7,7
54700,1,2,4,6,7,7
54800,1,2,4,7,7,7
54900,1,2,4,7,7,7
55000,2,2,4,7,7,7
55100,1,2,4,7,7,7
55200,1,2,4,7,7,7
55300,1,2,4,7,7,7
55400,2,2,4,7,7,7
55500,2,2,4,7,7,7
55600,1,2,4,7,7,7
55700,1,2,4,7,7,7
55800,1,2,4,7,7,7
55900,1,2,4,7,7,7
56000,2,2,4,7,7,7
56100,1,2,4,7,7,7
56200,2,2,4,7,7,7
56300,2,2,4,7,7,7
56400,1,2,4,7,7,7
56500,1,2,4,7,7,7
56600,2,2,4,7,7,7
56700,1,2,4,7,7,7
56800,1,2,4,7,7,7
56900,1,2,4,7,7,7
57000,1,2,4,7,7,7
57100,1,2,4,7,7,7
57200,1,2,4,7,7,7
57300,2,2,4,7,7,7
57400,1,2,4,7,7,7
57500,1,2,4,7,7,7
57600,2,2,4,7,7,7
57700,1,2,4,7,7,7
57800,2,2,4,7,7,7
57900,2,2,4,7,7,7
58000,2,2,4,7,7,7
58100,1,2,4,7,7,7
58200,2,2,4,7,7,7
58300,2,2,4,7,7,7
58400,1,2,4,7,7,7
58500,2,2,4,7,7,7
58600,2,2,4,7,7,7
58700,2,2,4,7,7,7
58800,2,2,4,7,7,7
58900,2,2,4,7,7,7
59000,2,2,4,7,7,7
59100,2,2,4,7,7,7
59200,2,2,4,7,7,7
59300,2,2,4,7,7,7
59400,2,3,4,7,7,7
59500,2,2,4,7,7,7
59600,2,2,4,7,7,7
59700,2,2,4,7,7,7
59800,2,2,4,7,7,7
59900,2,2,4,7,7,7
60000,2,2,4,7,7,7
60100,1,2,4,7,7,7
60200,2,2,4,7,7,7
60300,1,2,4,7,7,7
60400,1,2,4,7,7,7
60500,2,2,4,7,7,8
60600,2,2,4,7,7,7
60700,2,2,4,7,7,7
60800,1,2,4,7,7,7
60900,2,2,4,7,7,7
61000,1,2,4,7,7,8
61100,1,2,4,7,8,8
61200,2,2,4,7,8,8
61300,1,2,4,7,8,8
61400,2,2,4,7,8,8
61500,2,2,4,7,8,8
61600,2,2,4,7,8,8
61700,2,2,4,7,8,8
61800,2,2,4,8,8,8
61900,2,2,4,7,8,8
62000,2,2,4,7,8,8
62100,2,2,4,7,8,8
62200,2,2,4,7,8,8
62300,2,2,4,7,8,8
62400,2,2,4,7,8,8
62500,2,2,4,7,8,8
62600,2,2,4,7,8,8
62700,2,2,4,8,8,8
62800,2,2,4,8,8,8
62900,2,2,4,7,8,8
63000,2,2,4,8,8,8
63100,2,2,4,8,8,8
63200,2,2,4,8,8,8
63300,2,2,4,8,8,8
63400,2,2,4,8,8,8
63500,2,2,4,8,8,8
63600,2,2,4,8,8,8
63700,2,2,4,8,8,8
63800,2,2,4,8,8,8
63900,2,2,4,8,8,8
64000,2,2,4,8,8,8
64100,2,2,4,8,8,8
64200,2,2,4,8,8,8
64300,2,2,4,8,8,8
64400,2,2,4,8,8,8
64500,2,2,4,8,8,8
64600,2,3,4,8,8,8
64700,2,2,4,8,8,8
64800,2,2,4,8,8,8
64900,2,2,4,8,8,8
65000,2,3,4,8,8,8
65100,2,2,4,8,8,8
65200,2,2,4,8,8,8
65300,2,2,4,8,8,8
65400,2,2,4,8,8,8
65500,2,2,4,8,8,8
65600,2,2,4,8,8,8
65700,2,3,5,8,8,8
65800,2,3,4,8,8,8
65900,2,3,4,8,8,8
66000,2,3,5,8,8,8
66100,2,2,4,8,8,8
66200,2,2,4,8,8,8
66300,2,3,4,8,8,8
66400,2,2,5,8,8,8
66500,2,3,4,8,8,8
66600,2,2,4,8,8,8
66700,2,3,4,8,8,8
66800,2,3,5,8,8,8
66900,2,3,4,8,8,8
67000,2,3,4,8,8,8
67100,2,3,4,8,8,8
67200,2,3,4,8,8,8
67300,2,2,4,8,8,8
67400,2,3,4,8,8,9
67500,2,2,4,8,8,8
67600,2,3,5,8,8,8
67700,2,3,5,8,9,8
67800,2,3,4,8,8,8
67900,2,3,5,8,8,8
68000,2,3,5,8,8,8
68100,2,2,5,8,9,9
68200,2,3,4,8,9,9
68300,2,2,5,8,8,9
68400,2,3,5,8,9,9
68500,2,3,5,8,9,9
68600,2,3,5,8,9,9
68700,2,3,5,8,9,9
68800,2,3,4,8,9,9
68900,2,3,5,8,9,9
69000,2,3,5,8,9,9
69100,2,3,5,8,9,9
69200,2,3,5,8,9,9
69300,2,3,5,8,9,9
69400,2,3,5,8,9,9
69500,2,3,5,8,9,9
69600,2,3,5,8,9,9
69700,2,3,5,8,9,9
69800,2,3,5,8,9,9
69900,2,3,5,8,9,9
70000,2,3,5,8,9,9
70100,2,3,5,8,9,9
70200,2,3,5,8,9,9
70300,2,3,5,8,9,9
70400,2,3,5,8,9,9
70500,2,3,5,8,9,9
70600,2,3,5,8,9,9
70700,2,3,5,8,9,9
70800,2,3,5,8,9,9
70900,2,3,5,9,9,9
71000,2,3,5,9,9,9
71100,2,3,5,9,9,9
71200,2,3,5,9,9,9
71300,2,3,5,9,9,9
71400,2,3,5,9,9,9
71500,2,3,5,9,9,9
71600,2,3,5,9,9,9
71700,2,3,5,9,9,9
71800,2,3,5,9,9,9
71900,2,3,5,9,9,9
72000,2,3,5,9,9,9
72100,2,3,5,9,9,9
72200,2,3,5,9,9,9
72300,2,3,5,9,9,9
72400,2,3,5,9,9,9
72500,2,3,5,9,9,9
72600,2,3,5,9,9,9
72700,2,3,5,9,9,9
72800,2,3,5,9,9,9
72900,2,3,5,9,9,9
73000,2,3,5,9,9,9
73100,2,3,5,9,9,9
73200,2,3,5,9,9,9
73300,2,3,5,9,9,9
73400,2,3,5,9,9,9
73500,2,3,5,9,9,9
73600,2,3,5,9,9,9
73700,2,3,5,9,9,9
73800,2,3,5,9,9,9
73900,2,3,5,9,9,9
74000,2,3,5,9,9,9
74100,2,3,5,9,9,9
74200,2,3,5,9,9,9
74300,2,3,5,9,9,9
74400,2,3,5,9,9,9
74500,2,3,5,9,9,9
74600,2,3,5,9,9,9
74700,2,3,5,9,10,9
74800,2,3,5,9,9,9
74900,2,3,5,9,9,9
75000,2,3,5,9,9,9
75100,2,3,5,9,9,9
75200,2,3,5,9,10,9
75300,2,3,5,9,10,10
75400,2,3,5,9,10,10
75500,2,3,5,9,10,10
75600,2,3,5,9,10,10
75700,2,3,5,9,10,10
75800,2,3,5,9,10,10
75900,2,3,5,9,10,10
76000,2,3,5,9,10,10
76100,2,3,5,9,10,10
76200,2,3,5,9,10,10
76300,2,3,5,9,10,10
76400,2,3,5,9,10,10
76500,2,3,5,9,10,10
76600,2,3,5,9,10,10
76700,2,3,6,9,10,10
76800,2,4,5,9,10,10
76900,2,3,5,9,10,10
77000,2,3,6,9,10,10
77100,2,3,5,9,10,10
77200,2,3,5,9,10,10
77300,2,3,6,9,10,10
77400,2,3,5,9,10,10
77500,2,3,5,9,10,10
77600,2,3,5,9,10,10
77700,2,3,5,9,10,10
77800,2,3,5,9,10,10
77900,2,3,5,10,10,10
78000,2,3,5,9,10,10
78100,2,3,5,9,10,10
78200,2,3,5,9,10,10
78300,2,4,6,9,10,10
78400,2,3,6,10,10,10
78500,2,3,6,10,10,10
78600,2,3,6,10,10,10
78700,2,3,5,10,10,10
78800,2,3,6,10,10,10
78900,2,3,6,10,10,10
79000,2,3,5,10,10,10
79100,2,3,6,10,10,10
79200,2,3,5,10,10,10
79300,2,3,6,10,10,10
79400,2,3,6,10,10,10
79500,2,3,6,10,10,10
79600,2,3,6,10,10,10
79700,2,3,6,10,10,10
79800,2,3,5,10,10,10
79900,2,3,6,10,10,10
80000,2,4,5,10,10,10
80100,2,3,5,10,10,10
80200,2,3,5,10,10,10
80300,2,3,6,10,10,10
80400,2,3,6,10,10,10
80500,2,3,6,10,10,10
80600,2,3,6,10,10,10
80700,2,3,6,10,10,10
80800,2,3,6,10,10,10
80900,2,3,6,10,10,10
81000,2,3,6,10,10,10
81100,2,3,6,10,10,10
81200,2,3,6,10,10,10
81300,2,4,6,10,10,10
81400,3,4,6,10,10,10
81500,2,3,6,10,10,10
81600,2,3,6,10,10,10
81700,2,3,6,10,10,10
81800,3,3,6,10,10,10
81900,2,4,6,10,10,11
82000,2,3,6,10,10,10
82100,2,3,6,10,10,10
82200,2,3,6,10,10,11
82300,2,4,6,10,10,10
82400,2,4,6,10,11,11
82500,2,3,6,10,11,11
82600,3,3,6,10,11,11
82700,2,3,6,10,11,11
82800,3,3,6,10,11,11
82900,2,4,6,10,11,11
83000,3,3,6,10,11,11
83100,3,4,6,10,11,11
83200,3,4,6,10,11,11
83300,2,3,6,10,11,11
83400,3,4,6,10,11,11
83500,3,3,6,10,11,11
83600,2,4,6,10,11,11
83700,3,3,7,10,11,11
83800,3,3,6,10,11,11
83900,2,4,6,10,11,11
84000,3,4,6,10,11,11
84100,2,4,6,10,11,11
84200,3,4,6,11,11,11
84300,2,4,6,10,11,11
84400,3,4,6,10,11,11
84500,3,4,6,11,11,11
84600,3,3,6,10,11,11
84700,2,4,6,11,11,11
84800,3,3,6,10,11,11
84900,3,4,6,10,11,11
85000,3,4,6,10,11,11
85100,3,4,6,11,11,11
85200,3,4,6,10,11,11
85300,3,4,6,10,11,11
85400,3,4,6,10,11,11
85500,2,4,6,10,11,11
85600,3,4,6,10,11,11
85700,3,4,6,10,11,11
85800,3,4,6,11,11,11
85900,3,4,6,10,11,11
86000,3,4,6,11,11,11
86100,3,4,6,11,11,11
86200,3,4,6,11,11,11
86300,3,4,6,10,11,11
86400,3,4,6,11,11,11
86500,3,4,6,11,11,11
86600,3,4,6,11,11,11
86700,3,4,6,11,11,11
86800,3,4,6,11,11,11
86900,3,4,6,11,11,11
87000,3,4,6,11,11,11
87100,3,4,6,11,11,11
87200,3,4,6,11,11,11
87300,3,4,7,11,11,11
87400,3,4,7,11,11,11
87500,3,4,7,11,11,11
87600,3,4,6,11,11,11
87700,4,6,7,11,11,11
87800,3,4,6,11,11,11
87900,3,4,7,11,11,11
88000,3,4,6,13,12,11
88100,3,4,7,11,12,11
88200,3,4,6,11,12,12
88300,3,4,7,11,12,12
88400,3,4,6,11,12,12
88500,3,4,7,11,12,12
88600,3,4,6,11,12,12
88700,3,4,7,11,12,12
88800,3,4,7,11,12,12
88900,5,4,7,11,12,11
89000,3,4,6,11,12,12
89100,3,4,7,11,12,11
89200,3,4,6,11,12,11
89300,3,4,6,11,12,11
89400,3,4,7,11,12,12
89500,3,4,7,11,12,11
89600,3,4,6,11,12,12
89700,3,4,7,11,12,12
89800,3,4,7,11,12,12
89900,3,4,7,11,12,12
90000,3,4,7,11,12,12
90100,3,4,6,11,12,12
90200,3,4,7,11,12,12
90300,3,4,7,11,12,12
90400,3,4,7,11,12,12
90500,3,4,7,11,12,12
90600,3,4,7,11,12,12
90700,3,4,7,11,12,12
90800,3,4,7,11,12,12
90900,3,4,7,11,12,12
91000,3,4,7,11,12,12
91100,3,4,7,11,12,12
91200,3,4,7,11,12,12
91300,3,4,6,11,12,12
91400,3,4,7,11,12,12
91500,3,4,7,11,12,12
91600,3,4,7,11,12,12
91700,3,4,7,11,12,12
91800,3,4,7,11,12,12
91900,3,4,7,11,12,12
92000,3,4,7,11,12,12
92100,3,4,7,11,12,12
92200,3,4,7,11,12,12
92300,3,4,7,11,12,12
92400,3,4,7,11,12,12
92500,3,4,7,12,12,12
92600,3,4,7,11,12,12
92700,3,4,7,11,12,12
92800,3,4,7,11,12,12
92900,3,4,7,11,12,12
93000,3,4,7,11,12,12
93100,3,4,7,11,12,12
93200,3,4,7,11,12,12
93300,3,4,7,11,12,12
93400,3,4,7,12,12,12
93500,3,4,7,11,12,12
93600,3,4,7,12,12,12
93700,3,4,7,12,12,12
93800,3,4,7,12,12,12
93900,3,4,7,12,12,12
94000,3,4,7,12,12,12
94100,3,4,7,12,12,12
94200,3,4,7,12,12,12
94300,3,4,7,12,12,12
94400,3,4,7,12,12,12
94500,3,4,7,12,12,12
94600,3,4,7,12,12,12
94700,3,4,7,12,12,12
94800,3,4,7,12,12,12
94900,3,4,7,12,12,12
95000,3,4,7,12,12,12
95100,3,4,7,12,12,12
95200,3,4,7,12,12,12
95300,3,4,7,12,12,12
95400,3,4,7,12,12,12
95500,3,4,7,12,12,12
95600,3,4,7,12,12,12
95700,3,5,7,12,12,12
95800,3,4,7,12,12,12
95900,3,4,7,12,12,12
96000,3,5,7,12,12,12
96100,3,4,7,12,12,12
96200,3,4,7,12,12,12
96300,3,5,7,12,12,12
96400,3,4,7,12,12,12
96500,3,4,7,12,12,12
96600,3,5,7,12,12,12
96700,3,4,7,12,12,13
96800,3,4,7,12,12,12
96900,3,4,8,12,12,12
97000,3,4,7,12,13,12
97100,3,4,7,12,13,12
97200,3,4,7,12,13,12
97300,3,4,7,12,12,12
97400,3,4,8,12,12,12
97500,3,4,7,12,12,13
97600,3,4,7,12,12,12
97700,3,4,7,12,12,13
97800,3,4,7,12,12,13
97900,3,4,8,12,13,13
98000,3,5,7,12,13,13
98100,3,4,7,12,13,13
98200,3,4,7,12,13,13
98300,3,5,8,12,13,13
98400,3,4,8,12,13,13
98500,3,4,7,12,13,13
98600,3,4,7,12,13,13
98700,3,5,8,12,13,13
98800,3,4,7,12,13,13
98900,3,4,7,12,13,13
99000,3,4,7,12,13,13
99100,3,4,7,12,13,13
99200,3,4,7,12,13,13
99300,3,4,7,12,13,13
99400,3,4,7,12,13,13
99500,3,4,7,12,13,13
99600,3,4,7,12,13,13
99700,3,4,7,12,13,13
99800,3,4,7,12,13,13
99900,3,4,7,12,13,13
100000,3,4,7,12,13,13
