n,merge,thresholds_t5,thresholds_t10,thresholds_t20,thresholds_t30,thresholds_t50
500,0,0,0,0,0,0
600,0,0,0,0,0,0
700,0,0,0,0,0,0
800,0,0,0,0,0,0
900,0,0,0,0,0,0
1000,0,0,0,0,0,0
1100,0,0,0,0,0,0
1200,0,0,0,0,0,0
1300,0,0,0,0,0,0
1400,0,0,0,0,0,0
1500,0,0,0,0,0,0
1600,0,0,0,0,0,0
1700,0,0,0,0,0,0
1800,0,0,0,0,0,0
1900,0,0,0,0,0,0
2000,0,0,0,0,0,0
2100,0,0,0,0,0,0
2200,0,0,0,0,0,0
2300,0,0,0,0,0,0
2400,0,0,0,0,0,0
2500,0,0,0,0,0,0
2600,0,0,0,0,0,0
2700,0,0,0,0,0,0
2800,0,0,0,0,0,0
2900,0,0,0,0,0,0
3000,0,0,0,0,0,0
3100,0,0,0,0,0,0
3200,0,0,0,0,0,0
3300,0,0,0,0,0,0
3400,0,0,0,0,0,0
3500,0,0,0,0,0,0
3600,0,0,0,0,0,0
3700,0,0,0,0,0,0
3800,0,0,0,0,0,0
3900,0,0,0,0,0,0
4000,0,0,0,0,0,0
4100,1,0,0,0,0,0
4200,1,0,0,0,0,0
4300,1,0,0,0,0,0
4400,1,0,0,0,0,0
4500,1,0,0,0,0,0
4600,1,0,0,0,0,0
4700,1,0,0,0,0,0
4800,1,0,0,0,0,0
4900,1,0,0,0,0,0
5000,1,0,0,0,0,0
5100,1,0,0,0,0,0
5200,1,0,0,0,0,0
5300,1,0,0,0,0,0
5400,1,0,0,0,0,0
5500,1,0,0,0,0,0
5600,1,0,0,0,0,0
5700,1,0,0,0,0,0
5800,1,1,0,0,0,0
5900,1,1,1,0,0,0
6000,1,1,0,0,0,0
6100,1,1,0,0,0,0
6200,1,1,0,0,0,0
6300,1,1,0,0,0,0
6400,1,1,1,0,0,0
6500,1,1,2,0,0,0
6600,1,1,1,0,0,0
6700,1,1,1,0,0,0
6800,1,1,1,0,0,0
6900,1,1,1,0,0,0
7000,1,1,1,0,0,0
7100,1,1,1,0,0,0
7200,1,1,1,0,0,0
7300,1,1,1,0,0,0
7400,1,1,1,0,0,0
7500,2,1,1,0,0,0
7600,1,1,1,0,0,0
7700,2,1,1,0,0,0
7800,2,1,1,1,0,0
7900,2,1,1,1,1,0
8000,2,1,1,1,1,0
8100,2,1,1,1,1,0
8200,2,1,1,1,1,0
8300,2,1,1,1,1,0
8400,2,1,1,1,1,1
8500,2,1,1,1,1,1
8600,2,1,1,1,1,1
8700,2,1,1,1,1,1
8800,2,1,1,1,1,1
8900,2,1,1,1,1,1
9000,2,1,1,1,1,1
9100,2,1,1,1,1,1
9200,2,1,1,1,1,1
9300,2,1,1,1,1,1
9400,2,1,1,1,1,1
9500,2,1,1,1,1,1
9600,2,1,1,1,1,1
9700,2,1,1,1,1,1
9800,2,1,1,1,1,1
9900,2,1,1,1,1,1
10000,2,1,1,1,1,1
10100,2,1,1,1,1,1
10200,2,1,1,1,1,1
10300,2,1,1,1,1,1
10400,2,1,1,1,1,1
10500,3,1,1,1,1,1
10600,2,1,1,1,1,1
10700,3,2,1,1,1,1
10800,3,1,1,1,1,1
10900,3,2,1,1,1,1
11000,3,2,1,1,1,1
11100,3,2,1,1,1,1
11200,3,2,1,1,1,1
11300,3,2,1,1,1,1
11400,3,2,2,1,1,1
11500,3,2,1,1,1,1
11600,3,2,2,1,1,1
11700,3,2,2,1,1,1
11800,3,2,2,1,1,1
11900,3,2,2,1,1,1
12000,3,2,2,1,1,1
12100,3,2,2,1,1,1
12200,3,2,2,1,1,1
12300,3,2,2,1,1,1
12400,3,2,2,1,1,1
12500,3,2,2,1,1,1
12600,3,2,2,1,1,1
12700,3,2,2,1,1,1
12800,3,2,2,1,1,1
12900,3,2,2,1,1,1
13000,3,2,2,2,1,1
13100,3,2,2,1,1,1
13200,3,2,2,2,1,1
13300,3,2,2,2,1,1
13400,3,2,2,2,1,1
13500,3,2,2,2,1,1
13600,3,2,2,2,1,1
13700,3,2,2,2,1,1
13800,4,2,2,2,1,1
13900,4,2,2,2,1,1
14000,4,2,2,2,1,1
14100,4,2,2,2,1,1
14200,4,2,2,2,1,1
14300,4,2,2,2,1,1
14400,4,2,2,2,1,1
14500,4,2,2,2,1,1
14600,4,2,2,2,1,1
14700,4,2,2,2,1,1
14800,4,3,2,2,1,1
14900,4,3,2,2,1,1
15000,4,3,2,2,2,1
15100,4,3,2,2,2,2
15200,4,3,2,2,2,2
15300,4,3,2,2,2,2
15400,4,3,2,2,2,2
15500,4,3,2,2,2,2
15600,4,3,2,2,2,2
15700,4,3,2,2,2,2
15800,4,3,2,2,2,2
15900,4,3,2,2,2,2
16000,4,3,2,2,2,2
16100,4,3,2,2,2,2
16200,4,3,2,2,2,2
16300,4,3,2,2,2,2
16400,4,3,2,2,2,2
16500,4,3,2,2,2,2
16600,4,3,2,2,2,2
16700,4,3,2,2,2,2
16800,5,3,2,2,2,2
16900,5,3,2,2,2,2
17000,5,3,2,2,2,2
17100,5,3,2,2,2,2
17200,5,3,2,2,2,2
17300,5,3,2,2,2,2
17400,5,3,3,2,2,2
17500,5,3,3,2,2,2
17600,5,3,3,2,2,2
17700,5,3,3,2,2,2
17800,5,3,3,2,2,2
17900,5,3,3,2,2,2
18000,5,3,3,2,2,2
18100,5,3,3,2,2,2
18200,5,3,3,2,2,2
18300,5,3,3,2,2,2
18400,5,3,3,2,2,2
18500,5,3,3,2,2,2
18600,5,3,3,2,2,2
18700,5,3,3,2,2,2
18800,5,3,3,2,2,2
18900,5,3,3,2,2,2
19000,5,3,3,2,2,2
19100,5,3,3,2,2,2
19200,5,3,3,2,2,2
19300,5,3,3,2,2,2
19400,5,3,3,2,2,2
19500,5,3,3,2,2,2
19600,5,3,3,2,2,2
19700,5,3,3,2,2,2
19800,5,3,3,2,2,2
19900,5,3,3,2,2,2
20000,6,3,3,2,2,2
20100,5,3,3,3,3,2
20200,6,3,3,3,3,2
20300,6,3,3,3,3,2
20400,6,3,3,3,3,2
20500,6,4,3,3,3,2
20600,6,4,3,3,3,2
20700,6,4,3,3,3,2
20800,6,4,3,3,3,2
20900,6,4,3,3,3,2
21000,6,4,3,3,3,2
21100,6,4,3,3,3,2
21200,6,4,3,3,3,2
21300,6,4,3,3,3,2
21400,6,4,3,3,3,2
21500,6,4,3,3,3,2
21600,6,4,3,3,3,2
21700,6,4,4,3,3,2
21800,6,4,4,3,3,2
21900,6,4,4,3,3,2
22000,6,4,4,3,3,2
22100,6,4,4,3,3,2
22200,6,4,4,3,3,2
22300,6,4,4,3,3,2
22400,6,4,4,3,3,2
22500,6,4,4,3,3,2
22600,6,4,4,3,3,2
22700,6,4,4,3,3,2
22800,6,4,4,3,3,2
22900,6,4,4,3,3,3
23000,6,4,4,3,3,3
23100,6,4,4,3,3,3
23200,6,4,4,3,3,3
23300,7,5,4,3,3,3
23400,7,5,4,3,3,3
23500,7,5,4,3,3,3
23600,7,5,4,3,3,3
23700,7,5,4,4,3,3
23800,7,5,4,4,3,3
23900,7,5,4,4,3,3
24000,7,5,4,4,3,3
24100,7,5,4,4,3,3
24200,7,5,4,4,3,3
24300,7,5,4,4,3,3
24400,7,5,4,4,3,3
24500,7,5,4,4,3,3
24600,7,5,4,4,3,3
24700,7,5,4,4,3,3
24800,7,5,4,4,3,3
24900,7,5,4,4,3,3
25000,7,5,4,4,3,3
25100,7,5,4,4,3,3
25200,7,5,4,4,3,3
25300,7,5,4,4,3,3
25400,7,5,4,4,3,3
25500,7,5,4,4,3,3
25600,7,5,4,4,3,3
25700,7,5,4,4,3,3
25800,7,5,4,4,3,3
25900,7,5,4,4,3,3
26000,7,5,4,4,3,3
26100,7,5,5,4,3,3
26200,7,5,5,4,3,3
26300,7,5,5,4,3,3
26400,8,5,5,4,3,3
26500,8,5,5,4,3,3
26600,8,5,5,4,3,3
26700,8,5,5,4,3,3
26800,8,5,5,4,3,3
26900,8,5,5,4,3,3
27000,8,5,5,4,3,3
27100,8,5,5,4,3,4
27200,8,5,5,4,4,4
27300,8,5,5,4,4,4
27400,8,6,5,4,4,4
27500,8,6,5,4,4,4
27600,8,6,5,4,4,4
27700,8,6,5,4,4,4
27800,8,6,5,4,4,4
27900,8,6,5,4,4,4
28000,8,6,5,4,4,4
28100,8,6,5,4,4,4
28200,8,6,5,4,4,4
28300,8,6,5,4,4,4
28400,8,6,5,4,4,4
28500,8,6,5,4,4,4
28600,8,6,5,4,4,4
28700,8,6,5,4,4,4
28800,8,6,5,4,4,4
28900,8,6,5,4,4,4
29000,8,6,5,4,4,4
29100,8,6,5,4,4,4
29200,8,6,5,4,4,4
29300,8,6,5,4,4,4
29400,9,6,5,4,4,4
29500,9,6,5,4,4,4
29600,9,6,5,4,4,4
29700,9,6,5,4,4,4
29800,9,6,5,4,4,4
29900,9,6,5,4,4,4
30000,9,6,5,4,4,4
30100,9,6,5,5,4,4
30200,9,6,5,5,4,4
30300,9,6,5,5,4,4
30400,9,6,5,5,4,4
30500,9,6,5,5,4,4
30600,9,6,5,5,4,4
30700,9,6,5,5,4,4
30800,9,6,5,5,4,4
30900,9,6,5,5,4,4
31000,9,6,5,5,4,4
31100,9,6,5,5,4,4
31200,9,6,5,5,4,4
31300,9,6,5,5,4,4
31400,9,6,5,5,5,4
31500,9,6,5,5,5,4
31600,9,6,5,5,5,4
31700,9,6,5,5,5,4
31800,9,6,5,5,5,4
31900,9,6,6,5,5,4
32000,9,6,6,5,5,4
32100,9,6,6,5,5,4
32200,10,6,6,5,5,4
32300,9,6,6,5,5,4
32400,9,6,6,5,5,4
32500,10,6,6,5,5,4
32600,10,7,6,5,5,4
32700,10,7,6,5,5,4
32800,10,7,6,5,5,4
32900,10,7,6,5,5,4
33000,10,7,6,5,5,4
33100,10,7,6,5,5,4
33200,10,7,6,5,5,4
33300,10,7,6,5,5,4
33400,10,7,6,5,5,4
33500,10,7,6,5,5,4
33600,10,7,6,5,5,4
33700,10,7,6,5,5,4
33800,10,7,6,5,5,4
33900,10,7,6,5,5,4
34000,10,7,6,5,5,4
34100,10,7,6,5,5,5
34200,11,7,6,5,5,5
34300,10,7,6,5,5,5
34400,10,7,6,5,5,5
34500,11,7,6,5,5,5
34600,10,7,6,5,5,5
34700,10,8,8,6,6,5
34800,12,7,6,5,5,5
34900,12,7,6,5,5,5
35000,10,7,6,6,5,5
35100,10,7,6,5,5,5
35200,18,7,6,5,5,5
35300,11,7,6,5,5,5
35400,11,7,6,5,5,5
35500,11,7,7,5,5,5
35600,15,7,6,5,6,5
35700,11,7,6,5,6,5
35800,11,7,6,6,6,5
35900,11,7,6,5,6,5
36000,11,7,6,6,6,5
36100,11,7,6,6,6,5
36200,11,7,6,5,6,5
36300,11,7,6,6,6,5
36400,11,7,6,5,5,5
36500,11,7,6,6,6,5
36600,11,8,7,6,6,5
36700,11,7,7,9,6,5
36800,11,7,6,6,6,5
36900,11,7,7,6,6,5
37000,11,8,6,6,6,5
37100,11,7,6,6,6,5
37200,11,7,6,6,6,5
37300,11,7,6,6,6,5
37400,11,7,6,6,6,5
37500,11,7,6,6,6,5
37600,11,8,6,6,6,5
37700,11,7,7,6,6,5
37800,11,7,7,6,6,5
37900,11,8,7,6,6,5
38000,11,8,7,6,6,5
38100,11,8,7,6,6,5
38200,11,8,7,6,6,5
38300,11,8,7,6,6,5
38400,12,8,7,6,6,5
38500,12,8,9,6,6,5
38600,12,8,7,6,8,5
38700,12,8,7,6,6,5
38800,12,8,7,6,6,5
38900,12,8,7,6,6,5
39000,12,8,7,6,6,5
39100,12,8,7,6,6,5
39200,12,8,7,6,6,5
39300,12,8,7,6,6,5
39400,12,8,7,6,6,5
39500,12,8,7,6,6,5
39600,12,8,7,6,6,5
39700,12,8,7,6,6,5
39800,12,8,7,6,6,5
39900,12,8,7,6,6,5
40000,12,8,7,6,6,5
40100,12,8,7,6,6,5
40200,12,8,7,6,6,5
40300,12,8,7,6,6,5
40400,12,8,7,6,6,5
40500,12,8,7,6,6,5
40600,12,8,7,6,6,5
40700,12,8,7,6,6,5
40800,12,8,7,6,6,5
40900,12,8,7,6,6,8
41000,13,8,7,6,6,5
41100,12,8,7,6,6,9
41200,13,8,7,6,6,6
41300,15,10,8,6,6,6
41400,13,8,7,6,6,6
41500,12,8,7,7,6,6
41600,13,8,7,7,6,6
41700,13,8,7,7,6,6
41800,13,8,7,7,6,6
41900,13,8,7,7,6,6
42000,13,9,8,7,6,6
42100,13,9,8,7,6,6
42200,13,9,8,7,6,6
42300,13,9,8,7,6,6
42400,13,9,8,7,6,6
42500,13,9,8,7,6,6
42600,13,9,8,7,6,6
42700,13,9,8,8,7,6
42800,14,9,8,7,7,6
42900,13,9,8,7,6,6
43000,13,9,8,7,7,6
43100,13,9,8,7,7,6
43200,13,9,8,7,7,6
43300,13,9,8,7,7,6
43400,13,9,10,7,7,6
43500,13,9,8,7,7,6
43600,13,9,8,8,7,6
43700,14,9,8,8,7,6
43800,13,9,8,8,7,6
43900,13,9,8,8,7,6
44000,13,9,8,8,7,6
44100,13,9,8,8,7,6
44200,13,9,9,8,7,6
44300,14,9,9,8,7,6
44400,13,9,9,8,7,6
44500,13,9,9,8,7,6
44600,13,9,9,8,7,6
44700,14,9,9,8,7,6
44800,14,9,9,8,7,6
44900,14,10,9,8,7,6
45000,14,10,9,8,7,6
45100,14,10,9,8,7,6
45200,14,10,9,8,7,7
45300,14,10,9,8,7,6
45400,14,10,9,8,7,6
45500,14,10,9,8,7,6
45600,14,10,9,8,7,6
45700,14,10,9,8,7,6
45800,14,13,9,8,7,6
45900,14,10,9,8,7,7
46000,14,10,9,8,7,6
46100,14,10,9,8,7,6
46200,14,10,9,8,7,6
46300,14,10,10,8,7,6
46400,14,10,9,8,7,6
46500,15,10,9,11,7,7
46600,15,10,9,8,7,6
46700,15,11,9,8,7,6
46800,14,10,9,8,7,6
46900,14,10,9,8,7,6
47000,14,10,9,8,7,6
47100,14,10,9,8,7,6
47200,14,10,9,8,7,6
47300,14,10,9,8,7,6
47400,14,10,9,8,7,6
47500,15,10,9,8,7,7
47600,15,11,10,8,8,6
47700,15,11,9,8,7,6
47800,15,11,9,8,7,6
47900,15,11,9,8,7,6
48000,15,11,9,9,8,7
48100,15,11,9,8,7,6
48200,15,11,9,8,7,6
48300,15,11,10,8,7,7
48400,15,11,10,8,7,7
48500,18,11,10,8,7,7
48600,15,11,10,8,7,7
48700,15,11,10,8,7,7
48800,15,11,10,8,7,7
48900,15,11,10,8,7,7
49000,15,11,10,8,7,7
49100,15,11,10,8,7,7
49200,15,11,10,8,7,7
49300,15,11,10,8,8,7
49400,15,11,10,9,8,7
49500,15,11,10,9,8,7
49600,15,11,10,9,8,7
49700,15,11,10,9,8,7
49800,15,11,10,9,8,7
49900,15,11,10,9,8,7
50000,15,11,10,9,8,7
50100,16,12,10,9,8,7
50200,16,11,10,9,8,7
50300,16,11,10,9,8,7
50400,16,12,10,9,8,7
50500,16,11,10,9,8,7
50600,16,11,10,9,8,7
50700,16,12,10,9,8,7
50800,16,12,10,9,8,7
50900,16,11,10,9,8,7
51000,16,12,10,9,8,7
51100,16,12,10,9,8,7
51200,16,12,10,9,8,7
51300,16,12,10,9,8,7
51400,18,12,10,9,8,7
51500,16,12,10,9,8,7
51600,16,12,10,9,8,7
51700,16,12,10,9,8,7
51800,16,12,10,9,8,8
51900,16,12,10,9,8,8
52000,16,12,10,9,8,8
52100,16,12,10,9,8,8
52200,16,12,10,9,8,8
52300,16,12,10,9,8,8
52400,16,12,10,9,8,8
52500,16,12,10,9,8,8
52600,16,12,10,9,8,8
52700,16,12,10,9,8,8
52800,16,12,10,9,8,8
52900,16,12,10,9,8,8
53000,16,12,10,9,8,8
53100,16,12,10,9,8,8
53200,16,12,10,9,8,8
53300,16,12,10,9,8,8
53400,16,12,10,9,8,8
53500,17,12,10,9,8,8
53600,17,12,10,9,8,8
53700,17,12,10,9,8,8
53800,17,12,11,9,8,8
53900,17,12,11,9,8,8
54000,17,12,11,9,8,8
54100,17,12,11,9,8,8
54200,17,12,11,9,8,8
54300,17,12,11,9,8,8
54400,17,12,11,9,8,9
54500,17,12,11,9,8,8
54600,17,12,11,9,8,8
54700,17,12,11,9,8,8
54800,17,12,11,9,8,8
54900,17,12,11,10,8,8
55000,17,12,11,10,9,9
55100,18,12,11,9,8,9
55200,17,13,11,10,9,9
55300,17,12,11,10,9,9
55400,17,13,11,10,8,8
55500,17,12,11,10,9,9
55600,17,12,11,10,8,9
55700,18,13,11,10,9,11
55800,18,13,11,10,9,9
55900,17,13,11,10,9,9
56000,18,13,11,10,9,9
56100,18,13,11,10,9,9
56200,18,13,11,10,9,9
56300,18,13,11,10,9,9
56400,17,13,11,10,9,9
56500,18,13,11,10,9,9
56600,18,13,11,10,9,9
56700,18,13,11,10,9,9
56800,18,13,11,13,10,9
56900,18,13,11,10,9,9
57000,18,13,11,10,9,9
57100,18,13,11,10,9,9
57200,18,13,11,10,9,9
57300,18,13,11,10,9,9
57400,18,13,11,10,9,9
57500,18,13,11,10,9,9
57600,18,13,11,10,9,9
57700,18,13,11,10,9,9
57800,18,13,11,10,9,9
57900,18,13,11,10,12,9
58000,19,13,11,10,9,9
58100,18,13,11,10,9,9
58200,18,13,11,10,9,9
58300,18,13,11,10,9,9
58400,18,13,11,10,9,9
58500,19,13,12,10,11,9
58600,18,13,12,10,9,9
58700,19,13,12,10,9,9
58800,18,13,12,10,9,9
58900,19,13,12,10,9,9
59000,18,13,12,10,9,9
59100,19,13,12,10,9,9
59200,18,13,12,10,9,9
59300,19,13,12,10,9,9
59400,19,13,12,10,9,9
59500,19,13,12,10,9,10
59600,21,15,12,10,9,9
59700,19,13,12,10,9,9
59800,19,13,12,10,9,9
59900,19,13,12,10,9,9
60000,19,13,12,10,9,9
60100,19,13,12,11,9,9
60200,19,13,12,10,9,9
60300,19,13,12,10,10,9
60400,19,13,12,10,9,9
60500,19,13,12,10,9,9
60600,19,13,12,10,9,9
60700,19,14,12,10,9,9
60800,19,13,12,11,9,9
60900,19,13,12,10,9,11
61000,20,14,12,11,9,9
61100,19,14,12,11,9,9
61200,20,14,12,11,9,10
61300,19,14,12,11,9,9
61400,20,14,12,11,9,9
61500,20,17,12,11,10,10
61600,20,14,12,11,10,9
61700,20,14,12,11,10,9
61800,20,14,12,11,10,9
61900,20,14,14,11,10,9
62000,19,14,12,11,10,10
62100,20,14,12,11,10,10
62200,19,14,12,11,10,12
62300,20,14,12,11,10,10
62400,20,14,12,11,10,10
62500,20,14,12,11,10,10
62600,20,14,12,11,10,10
62700,20,14,12,11,10,10
62800,20,16,12,11,10,10
62900,20,14,12,11,11,10
63000,20,14,12,11,11,10
63100,20,14,12,11,11,10
63200,20,14,12,11,11,10
63300,20,14,12,11,11,10
63400,20,14,12,11,11,10
63500,20,14,12,11,11,10
63600,20,14,12,11,11,10
63700,20,14,12,11,11,10
63800,20,14,15,11,11,10
63900,20,14,13,11,11,10
64000,20,14,12,11,11,10
64100,20,14,12,11,11,10
64200,21,14,13,11,11,10
64300,20,14,13,11,11,10
64400,20,17,13,11,11,10
64500,21,14,13,11,11,10
64600,21,14,13,11,11,10
64700,20,14,13,11,11,10
64800,21,14,13,11,11,10
64900,21,15,13,11,11,10
65000,21,14,13,11,11,10
65100,21,14,13,11,11,10
65200,21,15,13,11,11,10
65300,21,15,13,11,11,12
65400,21,15,13,11,11,10
65500,21,15,13,11,11,10
65600,21,15,13,11,11,10
65700,21,15,13,11,11,10
65800,21,15,13,11,11,10
65900,21,15,13,11,14,10
66000,21,15,13,11,11,10
66100,21,15,13,12,12,10
66200,21,15,13,12,11,10
66300,21,15,13,11,12,10
66400,21,15,13,11,11,10
66500,21,15,13,12,12,10
66600,22,15,13,12,12,10
66700,21,15,13,12,12,10
66800,21,15,13,12,12,10
66900,24,15,13,12,12,10
67000,22,15,13,12,12,10
67100,22,15,13,12,12,11
67200,21,15,13,12,12,10
67300,22,15,13,12,12,10
67400,22,15,13,12,12,10
67500,22,17,13,12,12,10
67600,22,15,13,12,12,10
67700,21,15,13,12,12,11
67800,22,15,13,12,12,10
67900,22,15,13,12,12,10
68000,22,15,13,12,12,10
68100,21,15,13,12,12,11
68200,22,15,13,12,12,11
68300,22,15,13,12,12,11
68400,22,15,13,12,12,11
68500,22,15,13,12,12,10
68600,22,15,13,14,12,11
68700,22,15,13,12,12,11
68800,22,15,13,12,12,11
68900,22,15,13,12,12,11
69000,22,15,13,12,12,11
69100,22,15,13,12,12,11
69200,22,18,14,12,12,11
69300,22,15,13,12,12,11
69400,23,16,14,12,12,11
69500,22,15,14,12,12,11
69600,23,16,14,12,12,11
69700,22,16,14,12,12,14
69800,23,16,14,12,12,11
69900,22,15,14,12,12,11
70000,22,16,14,12,12,11
70100,23,16,14,15,12,11
70200,22,16,14,12,12,11
70300,22,16,14,12,12,11
70400,23,16,14,12,12,11
70500,23,16,14,12,12,11
70600,23,16,14,12,12,12
70700,24,16,14,12,12,11
70800,23,16,16,13,12,11
70900,23,16,14,12,12,11
71000,23,16,14,12,12,11
71100,23,16,14,13,12,11
71200,23,16,14,12,12,11
71300,23,16,14,12,12,11
71400,23,16,14,12,12,11
71500,23,16,14,12,12,11
71600,23,16,14,12,12,11
71700,23,16,14,12,12,11
71800,23,16,14,12,12,11
71900,23,16,14,12,12,11
72000,26,16,14,12,12,11
72100,23,16,14,12,12,11
72200,24,16,14,13,13,11
72300,23,16,14,12,12,11
72400,23,16,14,12,13,11
72500,24,16,14,13,13,11
72600,24,16,14,13,13,11
72700,24,16,14,13,13,11
72800,26,16,14,13,13,11
72900,23,16,14,13,13,11
73000,24,16,14,13,13,11
73100,24,16,14,13,13,11
73200,24,16,14,13,13,11
73300,24,16,14,13,13,11
73400,24,16,14,13,13,11
73500,24,16,16,13,13,11
73600,24,16,14,13,13,11
73700,24,16,14,13,13,11
73800,24,16,14,13,13,11
73900,24,16,15,13,13,12
74000,24,16,14,13,13,12
74100,24,20,14,13,13,12
74200,24,16,14,13,13,11
74300,24,16,14,13,13,11
74400,24,16,14,13,13,12
74500,24,16,14,13,13,12
74600,24,16,14,13,13,11
74700,24,16,14,13,13,11
74800,24,16,14,13,13,12
74900,24,16,14,13,13,12
75000,24,16,14,13,13,16
75100,24,17,14,13,13,12
75200,24,17,15,13,13,12
75300,24,17,15,13,13,12
75400,24,17,15,13,13,12
75500,24,17,15,13,13,12
75600,25,17,15,13,13,12
75700,24,17,15,13,14,12
75800,25,17,15,14,13,12
75900,25,17,15,13,13,12
76000,24,17,15,13,13,12
76100,25,17,15,13,13,12
76200,25,17,15,13,13,12
76300,25,17,15,16,13,12
76400,26,17,15,13,13,12
76500,25,17,15,13,13,12
76600,25,17,15,13,13,12
76700,25,17,15,13,13,12
76800,25,17,15,13,13,12
76900,29,17,15,13,13,12
77000,25,17,15,13,13,12
77100,25,17,15,13,13,12
77200,25,17,15,13,13,12
77300,25,17,15,13,13,12
77400,25,17,15,13,13,12
77500,25,17,15,13,13,12
77600,25,17,15,13,13,12
77700,25,17,15,13,13,12
77800,25,17,15,14,15,13
77900,25,17,15,16,13,12
78000,26,17,15,13,13,12
78100,25,17,15,13,13,12
78200,25,17,15,14,13,12
78300,25,17,17,14,14,12
78400,26,17,15,13,14,12
78500,25,17,15,14,14,12
78600,25,17,15,14,13,12
78700,25,17,15,13,13,12
78800,25,17,15,14,14,12
78900,26,17,15,14,14,12
79000,26,17,15,14,14,12
79100,25,17,15,14,14,12
79200,26,17,15,14,14,12
79300,26,17,15,14,14,12
79400,25,17,15,14,14,12
79500,25,17,15,14,14,12
79600,25,17,15,14,14,12
79700,25,17,15,14,14,12
79800,26,17,15,14,14,12
79900,26,17,15,14,14,12
80000,26,17,15,14,14,12
80100,26,17,15,14,14,12
80200,26,18,15,14,14,12
80300,26,18,15,14,14,12
80400,26,18,15,14,14,12
80500,26,18,15,14,14,12
80600,26,18,15,14,14,12
80700,26,18,16,14,14,12
80800,26,18,16,14,14,12
80900,26,18,16,14,14,12
81000,26,18,16,14,14,12
81100,26,18,16,14,14,12
81200,26,18,16,14,14,12
81300,26,18,16,14,14,12
81400,26,18,16,14,14,12
81500,26,18,16,14,14,12
81600,26,18,16,14,14,13
81700,26,18,16,14,14,13
81800,26,18,16,14,14,13
81900,26,18,16,14,14,13
82000,26,18,16,14,14,13
82100,26,18,16,14,14,13
82200,26,18,16,14,14,13
82300,26,18,16,14,14,13
82400,26,18,16,14,14,13
82500,26,18,16,14,14,13
82600,26,18,16,14,14,13
82700,27,18,16,14,14,13
82800,27,18,16,15,14,13
82900,27,18,16,15,14,13
83000,27,18,16,15,14,13
83100,27,18,16,15,14,13
83200,27,18,16,15,14,13
83300,27,18,16,15,14,13
83400,27,18,16,15,14,13
83500,27,18,16,15,14,13
83600,27,19,17,15,14,13
83700,28,19,17,15,14,13
83800,27,19,17,15,15,13
83900,28,19,17,16,15,13
84000,27,19,17,15,14,13
84100,28,19,17,15,14,13
84200,27,19,17,15,17,13
84300,28,19,17,16,15,13
84400,27,19,17,16,14,13
84500,27,19,17,16,15,13
84600,28,19,17,18,15,13
84700,28,19,17,16,15,13
84800,27,19,18,16,15,13
84900,28,19,17,16,15,13
85000,28,19,18,16,15,13
85100,28,19,17,16,15,13
85200,28,19,17,16,15,13
85300,28,22,17,16,15,13
85400,28,19,18,16,15,13
85500,28,19,18,16,15,13
85600,28,19,17,16,15,13
85700,28,19,17,16,15,13
85800,28,19,18,16,15,13
85900,28,19,18,16,15,13
86000,28,19,18,16,15,13
86100,28,20,18,17,16,16
86200,28,20,18,17,15,13
86300,28,20,19,17,15,13
86400,28,20,18,17,15,13
86500,28,20,18,17,15,13
86600,28,20,18,17,15,14
86700,28,20,18,17,15,13
86800,28,20,18,17,15,13
86900,28,20,18,17,15,13
87000,28,20,18,17,15,13
87100,28,20,18,17,15,13
87200,28,20,18,17,15,13
87300,28,20,18,17,15,13
87400,28,20,18,17,15,13
87500,28,20,18,17,15,13
87600,28,20,18,17,15,13
87700,28,20,18,17,15,13
87800,28,20,18,17,15,13
87900,28,20,18,17,15,14
88000,29,20,19,17,15,14
88100,29,21,19,17,15,14
88200,29,20,19,17,15,14
88300,29,20,19,17,15,14
88400,29,20,19,17,15,14
88500,29,21,19,17,15,14
88600,29,20,19,17,15,14
88700,29,21,19,17,15,14
88800,29,21,19,17,15,14
88900,29,20,19,17,15,14
89000,29,24,19,17,15,14
89100,29,21,19,17,15,14
89200,29,21,19,17,15,14
89300,29,21,19,18,16,14
89400,29,23,20,17,16,14
89500,30,21,19,18,16,14
89600,29,21,19,17,15,15
89700,29,21,19,17,15,14
89800,29,21,19,17,15,14
89900,29,21,19,17,15,14
90000,29,21,20,17,15,18
90100,30,21,20,17,16,14
90200,29,21,20,17,16,14
90300,29,21,20,17,16,14
90400,29,21,20,18,16,14
90500,30,21,20,17,18,14
90600,30,22,20,17,16,14
90700,30,21,20,17,16,14
90800,29,21,20,20,16,14
90900,30,21,20,18,16,14
91000,30,22,20,18,16,14
91100,30,22,20,18,16,14
91200,30,22,20,18,16,14
91300,32,21,20,18,16,14
91400,30,21,20,17,16,14
91500,30,22,20,18,16,14
91600,30,22,20,18,16,14
91700,30,22,20,18,16,14
91800,30,22,20,18,16,14
91900,30,22,20,18,16,15
92000,30,22,20,18,16,14
92100,30,22,20,20,16,14
92200,30,22,20,18,16,14
92300,30,22,20,18,16,14
92400,30,22,20,18,16,14
92500,30,22,20,18,16,15
92600,30,22,21,18,16,14
92700,30,22,20,18,16,14
92800,31,22,20,18,16,15
92900,31,22,20,20,16,15
93000,30,22,20,18,16,14
93100,31,22,20,18,16,15
93200,31,22,20,18,16,15
93300,31,22,20,20,16,15
93400,31,22,20,18,16,14
93500,31,22,20,18,16,15
93600,31,22,20,18,16,15
93700,31,22,20,18,16,15
93800,31,22,20,18,16,15
93900,31,22,20,18,16,15
94000,34,23,20,18,16,15
94100,31,23,21,18,18,16
94200,31,23,21,18,16,15
94300,31,23,20,18,16,15
94400,31,23,21,21,16,15
94500,31,23,21,18,16,15
94600,31,22,20,18,16,15
94700,31,23,20,18,16,15
94800,31,23,20,18,16,15
94900,31,23,20,18,16,15
95000,31,23,20,18,16,15
95100,31,23,21,18,16,15
95200,31,23,21,18,16,15
95300,31,23,21,18,16,15
95400,31,23,21,18,16,15
95500,31,23,21,18,16,15
95600,35,23,21,18,16,15
95700,31,23,21,18,16,15
95800,31,23,21,18,16,15
95900,31,23,21,18,16,15
96000,31,23,21,18,16,15
96100,31,23,21,18,16,15
96200,32,23,21,18,16,15
96300,32,23,21,19,17,15
96400,32,24,21,19,17,15
96500,32,24,21,18,17,15
96600,32,23,21,18,17,18
96700,32,24,21,19,17,15
96800,32,24,21,19,17,15
96900,32,24,21,19,17,16
97000,34,24,21,19,17,15
97100,32,24,21,19,17,15
97200,32,24,21,19,17,15
97300,32,24,21,19,17,15
97400,32,24,21,19,17,15
97500,32,24,21,19,17,15
97600,32,26,21,19,17,15
97700,32,24,21,19,17,15
97800,32,24,21,19,17,15
97900,32,24,21,19,17,15
98000,32,24,21,19,17,16
98100,32,24,21,21,17,15
98200,32,24,21,19,17,15
98300,33,24,21,19,17,15
98400,33,24,21,19,17,16
98500,32,27,21,19,17,16
98600,33,24,21,19,17,15
98700,33,24,21,19,17,15
98800,33,25,21,19,17,15
98900,33,24,21,19,17,15
99000,33,24,21,19,17,15
99100,32,24,21,19,17,15
99200,32,24,21,19,17,15
99300,32,24,21,19,17,15
99400,32,24,21,19,17,15
99500,32,24,21,19,17,15
99600,32,24,21,19,17,15
99700,32,24,21,19,17,15
99800,32,24,22,19,17,15
99900,33,24,21,19,17,15
100000,32,24,24,20,17,16
